Email,password,duns_number,tax_identifier,misc_info,businessType
qa106@mailinator.com,password,382459173,,,
qa108@mailinator.com,password,384141756,,,
qa109@mailinator.com,password,385458753,,,
qa11@mailinator.com,password,353864565,,,
qa110@mailinator.com,password,387834847,,,
qa111@mailinator.com,password,392765421,,,
qa112@mailinator.com,password,395626232,,,
qa113@mailinator.com,password,396431113,,,
qa114@mailinator.com,password,396853297,,,
qa115@mailinator.com,password,398245793,,,
qa116@mailinator.com,password,399461842,,,
qa117@mailinator.com,password,399517436,,,
qa118@mailinator.com,password,399976297,,,
qa119@mailinator.com,password,413484886,,,
qa12@mailinator.com,password,158699414,,,
qa120@mailinator.com,password,415861948,,,
qa121@mailinator.com,password,631134169,,,
qa122@mailinator.com,password,417123977,,,
qa123@mailinator.com,password,418253296,,,
qa124@mailinator.com,password,419762268,,,
qa125@mailinator.com,password,421353328,,,
qa126@mailinator.com,password,427863996,,,
qa127@mailinator.com,password,428617919,,,
qa128@mailinator.com,password,429159694,,,
qa129@mailinator.com,password,429595816,,,
qa13@mailinator.com,password,163376865,,,
qa130@mailinator.com,password,429812951,,,
qa131@mailinator.com,password,433748795,,,
qa132@mailinator.com,password,434373944,,,
qa133@mailinator.com,password,434544975,,,
qa134@mailinator.com,password,436823442,,,
qa135@mailinator.com,password,437532327,,,
qa136@mailinator.com,password,441587851,,,
qa137@mailinator.com,password,443737627,,,
qa138@mailinator.com,password,449847716,,,
qa139@mailinator.com,password,451157515,,,
qa140@mailinator.com,password,451297358,,,
qa141@mailinator.com,password,452288418,,,
qa143@mailinator.com,password,456336256,,,
qa145@mailinator.com,password,465374297,,,
qa146@mailinator.com,password,474568915,,,
qa147@mailinator.com,password,475386393,,,
qa148@mailinator.com,password,476379252,,,
qa149@mailinator.com,password,476568582,,,
qa15@mailinator.com,password,166921966,,,
qa150@mailinator.com,password,476763733,,,
qa153@mailinator.com,password,484289339,,,
qa154@mailinator.com,password,487937342,,,
qa155@mailinator.com,password,492244782,,,
qa156@mailinator.com,password,492296797,,,
qa157@mailinator.com,password,494938486,,,
qa158@mailinator.com,password,495655765,,,
qa159@mailinator.com,password,497615938,,,
qa160@mailinator.com,password,497782924,,,
qa161@mailinator.com,password,499566718,,,
qa162@mailinator.com,password,511575645,,,
qa163@mailinator.com,password,512669291,,,
qa164@mailinator.com,password,513281828,,,
qa165@mailinator.com,password,514328239,,,
qa166@mailinator.com,password,516695486,,,
qa167@mailinator.com,password,517358758,,,
qa168@mailinator.com,password,517791646,,,
qa169@mailinator.com,password,521227498,,,
qa17@mailinator.com,password,175868379,,,
qa170@mailinator.com,password,524348182,,,
qa171@mailinator.com,password,525236826,,,
qa172@mailinator.com,password,526222598,,,
qa173@mailinator.com,password,531996577,,,
qa174@mailinator.com,password,526314111,,,
qa175@mailinator.com,password,526383748,,,
qa176@mailinator.com,password,526561537,,,
qa177@mailinator.com,password,528437341,,,
qa178@mailinator.com,password,531498743,,,
qa179@mailinator.com,password,532791644,,,
qa18@mailinator.com,password,176953588,,,
qa180@mailinator.com,password,532927478,,,
qa181@mailinator.com,password,537124995,,,
qa182@mailinator.com,password,541254775,,,
qa183@mailinator.com,password,542621624,,,
qa184@mailinator.com,password,542927169,,,
qa185@mailinator.com,password,552186816,,,
qa186@mailinator.com,password,553412642,,,
qa187@mailinator.com,password,557589149,,,
qa188@mailinator.com,password,558627361,,,
qa189@mailinator.com,password,565541398,,,
qa19@mailinator.com,password,178914275,,,
qa190@mailinator.com,password,567764758,,,
qa191@mailinator.com,password,569394664,,,
qa192@mailinator.com,password,569497357,,,
qa193@mailinator.com,password,571222335,,,
qa194@mailinator.com,password,572473948,,,
qa195@mailinator.com,password,575931923,,,
qa196@mailinator.com,password,576647629,,,
qa199@mailinator.com,password,577749286,,,
qa2@mailinator.com,password,142628644,,,
qa20@mailinator.com,password,179791829,,,
qa200@mailinator.com,password,579212431,,,
qa21@mailinator.com,password,182267959,,,
qa22@mailinator.com,password,182267959,,,
qa23@mailinator.com,password,182349399,,,
qa24@mailinator.com,password,183378643,,,
qa25@mailinator.com,password,183739236,,,
qa26@mailinator.com,password,184183593,,,
qa27@mailinator.com,password,184337282,,,
qa28@mailinator.com,password,184981742,,,
qa29@mailinator.com,password,688879849,,,
qa3@mailinator.com,password,143875869,,,
qa30@mailinator.com,password,185569664,,,
qa31@mailinator.com,password,189744215,,,
qa32@mailinator.com,password,191457793,,,
qa33@mailinator.com,password,192229358,,,
qa34@mailinator.com,password,194517845,,,
qa35@mailinator.com,password,195474681,,,
qa36@mailinator.com,password,197369185,,,
qa37@mailinator.com,password,197777511,,,
qa38@mailinator.com,password,197794418,,,
qa39@mailinator.com,password,199839745,,,
qa4@mailinator.com,password,146323332,,,
qa40@mailinator.com,password,213437881,,,
qa41@mailinator.com,password,213721261,,,
qa42@mailinator.com,password,222669165,,,
qa43@mailinator.com,password,223891193,,,
qa44@mailinator.com,password,233626229,,,
qa45@mailinator.com,password,236426731,,,
qa46@mailinator.com,password,248312498,,,
qa47@mailinator.com,password,239728351,,,
qa48@mailinator.com,password,262481725,,,
qa49@mailinator.com,password,263871417,,,
qa50@mailinator.com,password,267596442,,,
qa51@mailinator.com,password,268493113,,,
qa52@mailinator.com,password,273864631,,,
qa53@mailinator.com,password,277114628,,,
qa54@mailinator.com,password,279622132,,,
qa55@mailinator.com,password,285176537,,,
qa56@mailinator.com,password,288164743,,,
qa57@mailinator.com,password,291377339,,,
qa58@mailinator.com,password,294154799,,,
qa59@mailinator.com,password,295141394,,,
qa6@mailinator.com,password,165216653,,,
qa60@mailinator.com,password,296793816,,,
qa61@mailinator.com,password,299373436,,,
qa62@mailinator.com,password,311465599,,,
qa63@mailinator.com,password,312123186,,,
qa64@mailinator.com,password,313175142,,,
qa65@mailinator.com,password,316512319,,,
qa66@mailinator.com,password,321873945,,,
qa67@mailinator.com,password,323838393,,,
qa68@mailinator.com,password,324479113,,,
qa7@mailinator.com,password,151395344,,,
qa71@mailinator.com,password,978249537,,,
qa73@mailinator.com,password,333139943,,,
qa74@mailinator.com,password,334361391,,,
qa75@mailinator.com,password,337898831,,,
qa76@mailinator.com,password,342634445,,,
qa77@mailinator.com,password,343612584,,,
qa78@mailinator.com,password,344546864,,,
qa79@mailinator.com,password,353354529,,,
qa80@mailinator.com,password,345258559,,,
qa81@mailinator.com,password,345512632,,,
qa82@mailinator.com,password,347429221,,,
qa83@mailinator.com,password,348774776,,,
qa84@mailinator.com,password,356378712,,,
qa85@mailinator.com,password,356679222,,,
qa86@mailinator.com,password,356724816,,,
qa87@mailinator.com,password,359147693,,,
qa88@mailinator.com,password,359389246,,,
qa89@mailinator.com,password,359432672,,,
qa9@mailinator.com,password,157577398,,,
qa94@mailinator.com,password,369578618,,,
qa95@mailinator.com,password,898122885,,,
qa96@mailinator.com,password,372297951,,,
qa97@mailinator.com,password,372654162,,,
qa98@mailinator.com,password,373543724,,,
qa99@mailinator.com,password,444139972,,,
qa100@mailinator.com,password,376736143,,,
qa102@mailinator.com,password,378637941,,,
qa105@mailinator.com,password,531781463,,,
qa142@mailinator.com,password,453717928,,,
qa101@mailinator.com,password,378541718,,,
qa1@mailinator.com,password,137761556,,,
qa10@mailinator.com,password,158112285,,,
qa151@mailinator.com,password,477486141,,,
qa197@mailinator.com,password,577571317,,,
qa69@mailinator.com,password,325878385,,,
qa103@mailinator.com,password,381238947,,,
deepa.llc@mailinator.com,password,159165917,,,
deepa_llc_1@mailinator.com,password,196374813,,,llc
deepa.corporation@mailinator.com,password,144754156,,,
deepa.parternship@mailinator.com,password,165324125,,,
deepa_corp_1@mailinator.com,password,215435315,,,
deepa_part-1@mailinator.com,password,226887812,,,
deepa_solepro_1@mailinator.com,password,229612915,,,
deepa_llc_2@mailinator.com,password,223111594,,,
deepa_soleprop2@mailinator.com,password,256527193,,,
deepa_scorp4@mailinator.com,password,246235962,,,
deepa_llc3@mailinator.com,password,263426685,,,
deepa_corp3@mailinator.com,password,264299741,,,
deepa.Solepropietor@mailinator.com,password,146482889,,,
deepa.Scorp@mailinator.com,password,148832876,,,

